type,batch,cap,price_b,fee_per_stone_b,seed,completed_upgrades,rng_draws,successes,failures,success_chance_per_attempt,attempt_cost_b,observed_mean_b,observed_sample_sd_b,mean_standard_error_b,mean_ci95_low_b,mean_ci95_high_b,observed_median_b,observed_p95_b,observed_p99_b,observed_max_b,below_guarantee_count,equal_guarantee_count,above_guarantee_count,below_guarantee_fraction,equal_guarantee_fraction,above_guarantee_fraction,analytic_mean_b,analytic_sd_b,sample_mean_minus_analytic_b,mean_error_in_sample_standard_errors
faith,1,20,12,1,202609100001,1000000,19998227,1000000,18998227,0.05,13.0,259.976951,253.5217784550979,0.2535217784550979,259.48005744493145,260.4738445550685,182.0,767.0,1170.0,4121.0,622747,18897,358356,0.622747,0.018897,0.358356,260,253.41665296503305,-0.02304900000001453,-0.09091526629573884
faith,2,20,12,1,202609100002,1000000,10008251,1000000,9008251,0.1,26.0,260.214526,246.97993150392176,0.24697993150392175,259.73045422934814,260.6985977706518,182.0,754.0,1144.0,3406.0,612053,38765,349182,0.612053,0.038765,0.349182,260,246.65765749313357,0.214525999999978,0.8685968883936288
faith,3,20,12,1,202609100003,1000000,6654121,1000000,5654121,0.15,39.0,259.510719,238.86359335595552,0.23886359335595553,259.0425549598045,259.9788830401955,195.0,741.0,1131.0,3432.0,623532,0,376468,0.623532,0.0,0.376468,260,239.70815588961509,-0.4892810000000054,-2.0483699216183053
faith,4,20,12,1,202609100004,1000000,4998830,1000000,3998830,0.2,52.0,259.93916,231.89127298813315,0.23189127298813314,259.4846614566141,260.3936585433859,208.0,728.0,1092.0,3016.0,590003,82100,327897,0.590003,0.0821,0.327897,260,232.5510696599781,-0.060839999999984684,-0.26236433659622077
faith,5,20,12,1,202609100005,1000000,4005930,1000000,3005930,0.25,65.0,260.38545,225.3780390223457,0.22537803902234568,259.94371716060994,260.82718283939005,195.0,715.0,1040.0,3120.0,577050,105433,317517,0.57705,0.105433,0.317517,260,225.16660498395404,0.38544999999999163,1.710237615306322
faith,6,20,12,1,202609100006,1000000,3333329,1000000,2333329,0.3,78.0,259.999662,217.3461923182761,0.21734619231827612,259.57367129087925,260.42565270912075,156.0,702.0,1014.0,4056.0,656646,0,343354,0.656646,0.0,0.343354,260,217.53160689885965,-0.0003379999999992833,-0.0015551227118086564
faith,7,20,12,1,202609100007,1000000,2860995,1000000,1860995,0.35,91.0,260.350545,209.88431297890705,0.20988431297890706,259.9391793056414,260.7619106943586,182.0,637.0,1001.0,3094.0,576875,0,423125,0.576875,0.0,0.423125,260,209.6187014557623,0.350545000000011,1.6701819922827679
faith,8,20,12,1,202609100008,1000000,2502250,1000000,1502250,0.4,104.0,260.234,201.88306591879444,0.20188306591879443,259.83831646171063,260.6296835382893,208.0,624.0,1040.0,2912.0,639242,0,360758,0.639242,0.0,0.360758,260,201.39513400278568,0.23399999999998045,1.1590868156029726
faith,9,20,12,1,202609100009,1000000,2223541,1000000,1223541,0.45,117.0,260.154297,193.06705799883284,0.19306705799883284,259.77589251972114,260.53270148027883,234.0,702.0,936.0,2691.0,697138,0,302862,0.697138,0.0,0.302862,260,192.82116066448725,0.15429699999998547,0.7991886425333019
faith,10,20,12,1,202609100010,1000000,1999530,1000000,999530,0.5,130.0,259.9389,183.73253610733954,0.18373253610733953,259.5787908464414,260.2990091535586,260.0,650.0,910.0,2990.0,499968,250008,250024,0.499968,0.250008,0.250024,260,183.84776310850236,-0.06110000000001037,-0.332548612752587
faith,11,20,12,1,202609100011,1000000,1820019,1000000,820019,0.55,143.0,260.262717,174.5276967323377,0.1745276967323377,259.9206490000999,260.6047849999001,143.0,572.0,858.0,2860.0,548951,0,451049,0.548951,0.0,0.451049,260,174.4133022449836,0.2627170000000092,1.505302624848834
faith,12,20,12,1,202609100012,1000000,1667474,1000000,667474,0.6,156.0,260.125944,164.4828647389194,0.1644828647389194,259.80356350903776,260.44832449096225,156.0,624.0,936.0,2964.0,599592,0,400408,0.599592,0.0,0.400408,260,164.43843832875572,0.12594400000000405,0.7656967806337313
faith,13,20,12,1,202609100013,1000000,1539551,1000000,539551,0.65,169.0,260.184119,154.17474130039815,0.15417474130039815,259.8819420597255,260.48629594027454,169.0,507.0,845.0,2197.0,650057,0,349943,0.650057,0.0,0.349943,260,153.81807436059,0.1841190000000097,1.1942228567860371
faith,14,20,12,1,202609100014,1000000,1428516,1000000,428516,0.7,182.0,259.989912,142.21115346640158,0.1422111534664016,259.71118326100594,260.26864073899407,182.0,546.0,728.0,2184.0,699728,0,300272,0.699728,0.0,0.300272,260,142.4078649513432,-0.0100879999999961,-0.07093677080946723
faith,15,20,12,1,202609100015,1000000,1333868,1000000,333868,0.75,195.0,260.10426,130.2393605717697,0.1302393605717697,259.84899554390984,260.3595244560902,195.0,585.0,780.0,1950.0,749947,0,250053,0.749947,0.0,0.250053,260,130.0,0.10426000000001068,0.8005260432966972
faith,16,20,12,1,202609100016,1000000,1250895,1000000,250895,0.8,208.0,260.18616,116.29804575180894,0.11629804575180894,259.95822001885404,260.4140999811459,208.0,416.0,624.0,1664.0,799179,0,200821,0.799179,0.0,0.200821,260,116.27553482998904,0.18615999999997257,1.6007147738084582
faith,17,20,12,1,202609100017,1000000,1177155,1000000,177155,0.85,221.0,260.151255,101.13480500388458,0.10113480500388458,259.9530344246089,260.34947557539107,221.0,442.0,663.0,1768.0,849692,0,150308,0.849692,0.0,0.150308,260,100.69756700139284,0.15125499999999192,1.495578104829314
faith,18,20,12,1,202609100018,1000000,1110651,1000000,110651,0.9,234.0,259.892334,82.01674264915987,0.08201674264915987,259.7315841382784,260.05308386172163,234.0,468.0,468.0,1638.0,900349,0,99651,0.900349,0.0,0.099651,260,82.21921916437785,-0.10766599999999471,-1.3127319681611078
faith,19,20,12,1,202609100019,1000000,1052616,1000000,52616,0.95,247.0,259.996152,58.07054144211744,0.058070541442117436,259.8823358302107,260.1099681697893,247.0,494.0,494.0,1482.0,949949,0,50051,0.949949,0.0,0.050051,260,58.137767414994556,-0.0038480000000049586,-0.0662642349191888
faith,20,20,12,1,202609100020,1000000,1000000,1000000,0,1.0,260.0,260.0,0.0,0.0,260.0,260.0,260.0,260.0,260.0,260.0,0,1000000,0,0.0,1.0,0.0,260,0.0,0.0,
life,1,10,2,0.5,202609101001,1000000,10000450,1000000,9000450,0.1,2.5,25.001125,23.69934461948917,0.023699344619489172,24.954675138088596,25.0475748619114,17.5,72.5,110.0,325.0,612295,38897,348808,0.612295,0.038897,0.348808,25.0,23.717082451262844,0.0011249999999982663,0.047469667117846025
life,2,10,2,0.5,202609101002,1000000,5006792,1000000,4006792,0.2,5.0,25.03396,22.438344417485446,0.022438344417485444,24.989981653069023,25.077938346930978,20.0,70.0,105.0,305.0,590648,81723,327629,0.590648,0.081723,0.327629,25.0,22.360679774997898,0.033960000000000434,1.5134806458152301
life,3,10,2,0.5,202609101003,1000000,3337691,1000000,2337691,0.3,7.5,25.0326825,20.9266579636885,0.0209266579636885,24.991667004074383,25.073697995925617,15.0,67.5,97.5,300.0,656627,0,343373,0.656627,0.0,0.343373,25.0,20.91650066335189,0.03268249999999995,1.5617639499202378
life,4,10,2,0.5,202609101004,1000000,2504603,1000000,1504603,0.4,10.0,25.04603,19.41676230090275,0.01941676230090275,25.007973845193852,25.084086154806144,20.0,60.0,100.0,330.0,639286,0,360714,0.639286,0.0,0.360714,25.0,19.364916731037084,0.04602999999999824,2.37063210058755
life,5,10,2,0.5,202609101005,1000000,2001658,1000000,1001658,0.5,12.5,25.020725,17.68207625337578,0.01768207625337578,24.986068767371492,25.055381232628505,25.0,62.5,87.5,225.0,499561,249768,250671,0.499561,0.249768,0.250671,25.0,17.67766952966369,0.020724999999998772,1.1720908621261064
life,6,10,2,0.5,202609101006,1000000,1666542,1000000,666542,0.6,15.0,24.99813,15.796822340037128,0.01579682234003713,24.967168797143348,25.02909120285665,15.0,60.0,90.0,270.0,600073,0,399927,0.600073,0.0,0.399927,25.0,15.811388300841896,-0.0018700000000002603,-0.11837823834105772
life,7,10,2,0.5,202609101007,1000000,1428070,1000000,428070,0.7,17.5,24.991225,13.7068317227801,0.0137068317227801,24.9643601034812,25.0180898965188,17.5,52.5,70.0,227.5,700696,0,299304,0.700696,0.0,0.299304,25.0,13.693063937629155,-0.008774999999999977,-0.6401917071336293
life,8,10,2,0.5,202609101008,1000000,1250512,1000000,250512,0.8,20.0,25.01024,11.188459247100127,0.011188459247100126,24.98831102283319,25.03216897716681,20.0,40.0,60.0,180.0,799616,0,200384,0.799616,0.0,0.200384,25.0,11.180339887498947,0.010239999999999583,0.9152287883296917
life,9,10,2,0.5,202609101009,1000000,1111199,1000000,111199,0.9,22.5,25.0019775,7.896503320727374,0.007896503320727374,24.986500637887573,25.017454362112424,22.5,45.0,45.0,180.0,899736,0,100264,0.899736,0.0,0.100264,25.0,7.905694150420947,0.001977499999998855,0.250427299233593
life,10,10,2,0.5,202609101010,1000000,1000000,1000000,0,1.0,25.0,25.0,0.0,0.0,25.0,25.0,25.0,25.0,25.0,25.0,0,1000000,0,0.0,1.0,0.0,25.0,0.0,0.0,
